0,1260733874436440067,@CuriousScutter Had a Zoom funeral for my grandmother. She was 100 and it wasn‚Äôt COVID related. It wasn‚Äôt unexpecte‚Ä¶ https://t.co/76kOJpKIoT,_,-1,-1
1,1260753880117383168,2020 may suck because of the corona virus but this is my year for personal growth üí™üèª,_,-1,-1
2,1260742378073161731,@littlered_ace Covid 19 please avoid non essential travel!  Here comes the jets,_,-1,-1
3,1260732278755426304,RT @LiamPayne: Be part of the #DreamTeam and help fight COVID-19 while you sleep! Download the #DreamLab app now üëáüèº https://t.co/26fWP4qdt6‚Ä¶,_,-1,-1
4,1260756612286988288,Baldwin‚Äôs Trump congratulates the ‚Äòclass of¬†Covid-19‚Äô https://t.co/LjTLshWqDD,_,-1,-1
5,1260747752398610432,Thank you @HouseDemocrats for including up to $20000 of student debt cancellation in the #HEROESAct COVID-19 stim‚Ä¶ https://t.co/eRfibdQjpT,_,-1,-1
6,1260734097934020610,Free COVID-19 tests available in Tempe on May 15 and 16 https://t.co/njHVyeDVhZ,_,-1,-1
7,1260747204127608840,RT @_mamacita03: you bitches posting you want corona to go away but be out everyday hoe stfu &amp; stay home,_,-1,-1
8,1260741403358965761,"PM Imran Khan already Said ""we have to live with corona""",_,-1,-1
9,1260754113303699457,So no mask can prevent any corona virus getting right thru.. https://t.co/DxFDZQNzif,_,-1,-1
10,1260729456571842579,RT @CTVNews: Canadian doctors investigate possible link between COVID-19 and rare children's disease https://t.co/HhnNA8duOc https://t.co/a‚Ä¶,_,-1,-1
11,1260753049150087168,COVID-19 Update‚ÄºÔ∏è May 13th   üü†El Paso: 5 new COVID-19 related deaths   Total deaths: 41 Total cases: 1456 Recovere‚Ä¶ https://t.co/b7DMrjAGeM,_,-1,-1
12,1260737751298834434,@iclearlyloveyou @ThatDudeMCFLY LMAO I'm 6'2 &amp; 190 lbs  That's not SICKLY FRAME ! Your MOTHER TAKES 2 INCH in her CORONA VIRUS A** CRACK,_,-1,-1
13,1260753056880361473,@JoeBiden Covid 19 a conspiracy to be unfolded.,_,-1,-1
14,1260737127580655619,C-VIRUS Outbreak  Corona  Driving you mad ? Past the time and watch my somewhat funny webisode series of  Let's P‚Ä¶ https://t.co/p4VSuCcpvx,_,-1,-1
15,1260752760250568704,@RepMaxineWaters We know your right..... I guess it didn‚Äôt just magically disappear huh?COVID is going to be with us for a long time.,_,-1,-1
16,1260757036981268488,RT @tjbbotha: Covid +ve hit an all time high of 724. Lets hope Govt is tracking and tracing otherwise these tests are a waste of time. http‚Ä¶,_,-1,-1
17,1260729688361746432,Coming up in #PTN: Nursing homes and COVID-19... How are the elderly and their caretakers coping in the coronavirus crisis? #TVJNews,_,-1,-1
18,1260745448870027265,RT @gyan_chakshu: @globalnews Should a Covid-19 vaccine be mandatory if available?,_,-1,-1
19,1260744763025821700,RT @brenna_neu: I am so sorry for all of the people COVID-19 will now effect.,_,-1,-1
20,1260742620684451846,RT @ShannonFreshour: My opponent Republican Jim Jordan who voted against COVID-19 federal relief funding puts protecting Trump over the s‚Ä¶,_,-1,-1
21,1260740720886984704,The greatest among us choose to serve others. #wednesday #love #covid #trust #promisekeeper #jesus #jesuschrist‚Ä¶ https://t.co/7QcRkNEWaD,_,-1,-1
22,1260756761595740162,RT @BPCLNasik: Interaction with #CoronaWarriors LPG Deliverymen of M/s Barhate Gas on preventive measures for #Covid  awareness on #PMGKY‚Ä¶,_,-1,-1
23,1260736272215269377,COVID-19: Famous Wrestler Infected. https://t.co/1l4oAxseda,_,-1,-1
24,1260734705223315457,DOD And HHS Award $138 Million Contract To ApiJect Systems To Provide Prefilled COVID-19 Vaccine Syringes With RFID‚Ä¶ https://t.co/cpdxfCn5mh,_,-1,-1
25,1260740657016176645,@ScottGottliebMD Desantis's 5/13 update identified states that put corona infected back in nursing homes  NY.  Cuom‚Ä¶ https://t.co/8A0F7dSxJq,_,-1,-1
26,1260737631207354368,@BBCWorld We have to learn to cope with COVID-19 and other new viruses to come. Hopefully a vaccine can be developed.,_,-1,-1
27,1260754960029036544,@HV_holsteins @dfaber84 I'm sure COVID 19 is listed on the death certificate...,_,-1,-1
28,1260733180065316872,#IndiaFightsCorona India is fighting a battle against Corona with its full power and support of 130 crore Indians.‚Ä¶ https://t.co/5NPxIZWpm5,_,-1,-1
29,1260749481064173569,Dad With COVID-19 Watches Wife Give Birth Over Zoom - Inside Edition https://t.co/RUg0NCEGbc,_,-1,-1
30,1260729025489768448,RT @Xeunbadejo: A friend of mine is setting up a COVID-19 FOOD BANK.  Kindly help retweet and donate.  Thanks and God bless!! https://t.co/‚Ä¶,_,-1,-1
31,1260749011696472070,@_csb37 Que pc giorhio jackson donen para causa covid https://t.co/nt4y7t4pDE,_,-1,-1
32,1260733719939133441,send them over to üá¶üá∫  With only one toilet and limited water refugee in cramped Jakarta shelter fears COVID-19 spr‚Ä¶ https://t.co/BZ7E5c5mdD,_,-1,-1
33,1260755876777824256,RT @LulaPuch: I will never forget @realDonaldTrump calling Corona a hoax purported by the Democrats. https://t.co/HIQ2ocAcZz,_,-1,-1
34,1260737010135900162,@AC360 @andersoncooper Haha. He‚Äôs hosting Greta T on a panel for Covid 19!  If my bosses suggested that for my show I would quit!,_,-1,-1
35,1260740727421702145,RT @KRG_USA: .@BayanRahman spoke to @JasonCrowCO6 co-chair of Congressional Kurdish Caucus on the COVID-19 pandemic economic &amp; security‚Ä¶,_,-1,-1
36,1260729439694053381,RT @SandhuTaranjitS: Strengthening India-US partnership for the fight against CoViD . This agreement will allow Indian Pharma companies to‚Ä¶,_,-1,-1
37,1260738511470235648,This lady at work dead had covid-19  said it was awful.    But then proceeds to tell me she'll refuse to wear a ma‚Ä¶ https://t.co/mrO62dxwNT,_,-1,-1
38,1260749204089118720,RT @cameronhardy: ok corona. you can head on out now.,_,-1,-1
39,1260746339400314881,I blame COVID-19 and her 18 other friends üòÇüç∑#COVID„Éº19 #COVIDUpdates https://t.co/cZS58c5b8M,_,-1,-1
40,1260746300468809728,"Universal paid sick leave is our ""armour"" against COVID-19: a critical step in disease control. But biz demand for‚Ä¶ https://t.co/9tJURIh0ji",_,-1,-1
41,1260747683096072196,RT @Covid19Crusher: Out of 1252 tests made yesterday Dr Raoult' s hospital in Marseille second largest city in France has detected 1 po‚Ä¶,_,-1,-1
42,1260735132371005440,"RT @TLAVagabond: AI-Powered Medical ""Pre-Crime"" Is Officially Here To ""Fight COVID-19"" https://t.co/qE42z8268I #Rokfin",_,-1,-1
43,1260747463893417984,RT @kayleefoote_14: okay this corona virus shit is so dumb. i‚Äôm sorry i said it. there‚Äôs some states that NEVER even shut down or worried a‚Ä¶,_,-1,-1
44,1260742125743988737,RT @professorphong: This is a graph of COVID-19 cases in Maryland and the US. We have not flattened the curve yet. https://t.co/ib6JLoeSQf,_,-1,-1
45,1260756398863982593,#Trump YOUR chaotic incompetence &amp; willful ignorance over warnings about #COVID has lead to thousands of PREVENTABL‚Ä¶ https://t.co/Oh3cdobofQ,_,-1,-1
46,1260747930711007232,Canberra‚Äôs real estate industry has been challenged by the COVID-19 restrictions Independent Tuggeranong principal‚Ä¶ https://t.co/iEt5GMJ1cI,_,-1,-1
47,1260730695854497792,6-Year-Old Boy Found Tied Up In Filthy Shed As Child Abuse Cases Skyrocket During COVID Shutdown https://t.co/aawxeN3X2o,_,-1,-1
48,1260754062368075776,#COVID19 #India #Muslims  Finally,_,-1,-1
49,1260746386879975425,"Watch ""Anti-Lockdown Protesters Harass COVID-19 Nurses | NowThis"" on YouTube https://t.co/68YgesjCwq",_,-1,-1
50,1260747528804294656,There aren't words to describe how much I love this! The only virtual meetings I want from now on... #COVID„Éº19‚Ä¶ https://t.co/aFwsbGEjIV,_,-1,-1
51,1260752954350600192,‚ÄúThe preconditions that raise the death rate from COVID-19 a great many of them are accentuated made worse by th‚Ä¶ https://t.co/JnU1VlXF1a,_,-1,-1
52,1260729274321063943,@JoshuaGreen ‚ÄúCovid stricken trump‚Äù ??? Are you suggesting his life is more valuable than the 85 thousand that have already died? Oy vey...,_,-1,-1
53,1260753495688241152,Covid of the nineteen,_,-1,-1
54,1260749746429460481,Prince concert to stream on YouTube for COVID-19 charity https://t.co/VMZGuPX0t4 via @theGrio,_,-1,-1
55,1260742227015294976,RT @dearwonjin: q. due to covid-19 you haven't been able to meet the fans so what do you want to do the most on meeting them?  wonjin: on‚Ä¶,_,-1,-1
56,1260742164360957959,RT @empowergracewi: @DonaldJTrumpJr Try making me spend my money at ANY Republican business that want to infect my family with #COVID„Éº19 @s‚Ä¶,_,-1,-1
57,1260732070835261440,Kwara Gov orders sack query of COVID-19 team over mishandling of case https://t.co/qmtbS0XxIn https://t.co/YM1SNuLsVZ,_,-1,-1
58,1260740342971805696,RT @bmj_latest: Scientists have warned that countries in South America should expect a rise in cases and deaths from covid-19 in the next m‚Ä¶,_,-1,-1
59,1260749951690211328,Ok I‚Äôll bite... what is covid?,_,-1,-1
60,1260732564463067136,Serological surveys to look for COVID-19 immunity in Canadian population #vicnews #victoriabcnews #localnews #yyj‚Ä¶ https://t.co/5QbF4OIksR,_,-1,-1
61,1260754256874950656,Covid 19 bonfire (thought fire department was called) https://t.co/KfKHi5FTVI via @YouTube,_,-1,-1
62,1260729950182793219,RT @SharletaBasset1: I wanted to make a point. Thank you for all your prayers. This is to show you [They] don't care about Covid-19 or anyt‚Ä¶,_,-1,-1
63,1260737827249283073,EVOLVING THROUGH COVID-19 https://t.co/X7uUhdJwYR via @YouTube ‚ÄúWe are spiritual beings in a biological shell‚Äù #ZachBushMD,_,-1,-1
64,1260740226546368512,and so it begins..#PotStocks #COVID19,_,-1,-1
65,1260728950948376577,@Wardere A New Corona Virus Covid-19 Strikes Back Return of the Covid-19 The Phantom Covid-19 Attack of the Covid-1‚Ä¶ https://t.co/noQD5GirUH,_,-1,-1
66,1260728973648105473,seeing one of your best friends cry... like a knife in your heart. f this quarantine and corona for not letting me‚Ä¶ https://t.co/hNJJHGiRxY,_,-1,-1
67,1260737487212736515,Tencent Crushes First-Quarter Earnings Despite Covid-19 Pandemic ‚Äì Nasdaq ‚Äì https://t.co/M0zoUvwppr‚Ä¶ https://t.co/zCmNsPA8ZK,_,-1,-1
68,1260746144864329728,RT @Stalin__SP: 509 new #COVID positive cases reported in #Tamilnadu. Total is 9227  380 cases from #Chennai,_,-1,-1
69,1260732401292107777,Check out the brilliant @isiomakemakolam 's op-ed on #covidandconflict https://t.co/ZKUqZ4jpN9,_,-1,-1
70,1260752955306901505,#AtmaNirbharBharatAbhiyan #IndiaFightsCorona  India's Rs 20 lakh crore Covid relief package one among the largest i‚Ä¶ https://t.co/rc3aNlGEfp,_,-1,-1
71,1260732395667554313,RT @sunday_melissa: @B52Malmet People in nursing homes are more confined and exposed to Corona than this criminal! America you make me sad,_,-1,-1
72,1260738982201171968,RT @steelcitycrazy: I‚Äôm so glad he is now safe from coronavirus üôÑ https://t.co/OI9deAj47q,_,-1,-1
73,1260745536803487744,COVID-19 dominates the rhetoric and the reality of MPs on Parliament Hill https://t.co/5YirSWjky6,_,-1,-1
74,1260756827173613568,RT @McClatchyDC: Talking can spread more than 1000 COVID-19 particles per minute study finds https://t.co/bafB6ZE0tt,_,-1,-1
75,1260733121240150021,Your boy HAD COVID! https://t.co/HA3noNbxQh,_,-1,-1
76,1260735803065610241,@KenAlofoque @VICE Look at all the stuff they‚Äôre doing. Tort reform under the false pretense of covid -19 will be coming. Sheep gona sheep,_,-1,-1
77,1260748352377020418,@tomtomorrow COVID-19! https://t.co/SdBaCWBoyK,_,-1,-1
78,1260756054847000576,The food production industry has been through a roller coaster with COVID-related concerns risks precautions and‚Ä¶ https://t.co/9PqMhfM4lx,_,-1,-1
79,1260749125026537472,@Examiner49 @MIRisingAction Incredibly but it is more than stupid. There are many states where 50-80% of covid dea‚Ä¶ https://t.co/1ZeFZdHLtW,_,-1,-1
80,1260753464897835008,RT @MitchPthekid: We have 4 times the population of Germany but 8 times the number of COVID-19 cases and 12 times the deaths. Adjusted for‚Ä¶,_,-1,-1
81,1260748066992373761,@NYGovCuomo 1 New Yorker told nursing homes to take in covid positive people... You're a criminal Cuomo,_,-1,-1
82,1260756915023306752,Budget 2020 is our next phase in recovery from COVID-19. As we rebuild together we‚Äôre strengthening our commitment‚Ä¶ https://t.co/m6QxqgoFPN,_,-1,-1
83,1260739957611802624,RT @Rectitude20: Once it was proven that the intentionally deceptive covid-19 projections were beyond inaccurate why didn‚Äôt we go back to‚Ä¶,_,-1,-1
84,1260746966176165890,RT @sumanthraman: Number of #covid cases in India crosses 77000 . Over 3300 cases today with some more States yet to report. 120 deaths rep‚Ä¶,_,-1,-1
85,1260744313002049536,RT @susanprentice: 26 different Quebec childcare centres report cases of COVID-19.  https://t.co/exCrtmbWni,_,-1,-1
86,1260733440682532864,Commentary: Restarting the economy in a COVID-19 world sure is hard. China would¬†know https://t.co/pe2BNWMSqV,_,-1,-1
87,1260730304211423233,really cool of my asthma symptoms to start showing again now everyone‚Äôs gonna think I have covid cause I can‚Äôt spea‚Ä¶ https://t.co/3TCoCQjx9H,_,-1,-1
88,1260756707904327680,'Stay out of my moist breath zone': Covid-19 anthem takes the drool out of school | World news #coronavirus #anthem‚Ä¶ https://t.co/Qyr34BVvyQ,_,-1,-1
89,1260748943840985093,i did not just see the words dk corona and nsfw in the same sentence bye,_,-1,-1
90,1260740298663030784,@MarcusPun We had a phenomenal economy before covid!  What are you talking about?,_,-1,-1
91,1260737292874010624,COVID-19 Trade ideas üí°  $ALT $HTBX $CYCC $GENE $IBIO,_,-1,-1
92,1260749128197443586,COVID 19: Osun Govt. Confirms Three New Cases In The¬†State https://t.co/LHWeElBhB1,_,-1,-1
93,1260744048702349313,RT @mmpadellan: I don't know who needs to hear this but if President Obama was running the response to COVID-19 we'd be in a MUCH better‚Ä¶,_,-1,-1
94,1260754974859911168,@prateekagg97 @Sheelavanth213 @Sanjeev80820310 @dmuthuk India's GDP was in shambles even before corona hit. Even r‚Ä¶ https://t.co/6X5TI027lQ,_,-1,-1
95,1260733597566160896,COVID-19 #Oaxaca #Qu√©dateEnCasa @SSO_GobOax @SSalud_mx https://t.co/MTnF7Fuwkl,_,-1,-1
96,1260741624570580993,Real Estate Contracts in COVID-19: Pay Attention to Your Timelines https://t.co/rpuVllXmms | by @SandsAnderson,_,-1,-1
97,1260740050662326277,Whilst the UK is in grips of #COVID„Éº19   #legislation threats very #health that Public need to beat infections.  Go‚Ä¶ https://t.co/ggxVijCGJZ,_,-1,-1
98,1260730890398740480,Coronavirus: 15 US states investigating cases of children suffering from rare inflammatory syndrome Cuomo says | T‚Ä¶ https://t.co/DqGmuCUOCm,_,-1,-1
99,1260749192365916160,Why is it so difficult to find an already calculated and sourced survival rate of #COVID„Éº19? It isn‚Äôt plastered all‚Ä¶ https://t.co/ePOqiLFOSB,_,-1,-1
100,1260740039715233792,RT @NotATweeter16: @RepDonBeyer @atrupar Every time Trump talks about COVID-19‚Äîe.g. inject disinfectants introduce light into the body hy‚Ä¶,_,-1,-1
101,1260735072782684165,RT @armiehammer: Anyone who still listens to trump and takes his ‚Äúmedical advice‚Äù should in fact inject bleach to fight the corona virus.,_,-1,-1
102,1260744543567314945,@EricTrump He‚Äôs still social distancing. Just not for COVID-19 reasons.,_,-1,-1
103,1260731423121649666,Current administration COVID policy https://t.co/iYksM0Sc3h,_,-1,-1
104,1260745074813685763,Wish i spelled corona virus right https://t.co/VIImInSzEo,_,-1,-1
105,1260739219187793920,RT @YorkRegionGovt: You‚Äôve probably heard plenty of myths about COVID-19 from age and face coverings to alcohol being a ‚Äúcure‚Äù. To help yo‚Ä¶,_,-1,-1
106,1260744914423279616,A New Low in COVID-19 Data Standards https://t.co/nRUwJsiEu5 https://t.co/aEqo2KzqO4,_,-1,-1
107,1260750177331220480,Before engaging with your customers right now you may need to assess and adjust what your plans were before COVID-‚Ä¶ https://t.co/qxKw0uCQAf,_,-1,-1
108,1260748496123990016,RT @Leth_Herald: Tudor Estates ringing in support during COVID-19 - neighbourhood association showing support for frontline workers and rai‚Ä¶,_,-1,-1
109,1260752842526056449,60 days in Trump still doesn‚Äôt have a coronavirus plan - Vox https://t.co/BwsYwzyLYO,_,-1,-1
110,1260734992478502913,"RT @radicalhearts: ""They're inflating the numbers! They're recording deaths as COVID that weren't!"" is a right-wing talking point and in a‚Ä¶",_,-1,-1
111,1260738487575142401,RT @RIS_NewDelhi: #RISDiarySpecialIssue on #COVID19 by RIS Faculty  Dr @sabya_saha sheds light on a Post-COVID World Read: https://t.co/v7o‚Ä¶,_,-1,-1
112,1260740562019213313,Why are so many people getting sick and dying in Montreal from Covid-19? https://t.co/2jVCI4eet3,_,-1,-1
113,1260754230144454656,RT @NewstalkZB: No new Covid-19 cases today as New Zealand steps into 'safer new normal'  https://t.co/6kx0Zyclh7 https://t.co/imgRosSOVH,_,-1,-1
114,1260744157330628608,OFF-LOADING COVID-19?:  Jamaica says one migrant on U.S. deportation flight had coronavirus https://t.co/wGD6UjXWhX,_,-1,-1
115,1260750157810892801,@FelicityDisco @maureenjohnson I know that by ‚Äúthis‚Äù you mean covid but imagine going through this as in the human‚Ä¶ https://t.co/062RjTbnVK,_,-1,-1
116,1260750209396682753,RT @CharlesLMadowo: I think Kenyan journalists should stop legitimizing the tuneless government lullaby of daily Corona updates by refusing‚Ä¶,_,-1,-1
117,1260738910230966272,Trudeau wants to test COVID vaccine developed by Chinese army on Canadians ASAP https://t.co/yE1UfY2I7e https://t.co/GvXPTx4tBr,_,-1,-1
118,1260729172860841984,RT @GovCanHealth: The Canada COVID-19 App is an easy way to stay up to date on the latest information about #COVID19.,_,-1,-1
119,1260736165725929473,RT @NatalieGCheung: Today's episode is on an important topic that was hard to talk about tbh - the xenophobia and racism related to COVID-1‚Ä¶,_,-1,-1
120,1260745478078992384,You're sick of taking about COVID-19. Me too. That's not what this is about.  GOD | GERMS | GLOBAL MISSIONS  Keepin‚Ä¶ https://t.co/MJ419WIbrr,_,-1,-1
121,1260742528137138176,COVID-19 Mobilization Drive to Benefit Frontliners https://t.co/SXtwGDmHbD,_,-1,-1
122,1260730361908277251,Today Niemanlab launched a survey to determine the impact of COVID-19 on journalism. @UBCJournalism   #journalism‚Ä¶ https://t.co/Uq2BujWjKm,_,-1,-1
123,1260744643416752128,"RT @xcpgatorsports: TWO BRONCOS AND A GATOR have set up a run for COVID-19 relief in Arizona partnering with St. Vincent de Paul.   The ""v‚Ä¶",_,-1,-1
124,1260732401942233093,RT @casspernyovest: This lockdown must end soon!!!! Corona must go away!!!  Ah!!! Today was wild!!!!  #Amademoni https://t.co/McAN0igJeb,_,-1,-1
125,1260754604758904832,cant believe imnever gonma see wjat happened w them ure so sick@corona D1‚Ç¨ https://t.co/JsoqyCDuLT,_,-1,-1
126,1260742886703824896,rt @wef @mikequindazzi @antgrasso @fisher85m Researchers have doubled the U.S. COVID-19 death forecast citing ease‚Ä¶ https://t.co/H1lLPHE4c6,_,-1,-1
127,1260746501501751296,https://t.co/iYzt0XzKPX Is South Korea's LGBT+ community being scapegoated for COVID-19 spread?,_,-1,-1
128,1260744257461039104,RT @business: There‚Äôs no hard evidence that antibodies to the virus that causes Covid-19 provide immunity https://t.co/rEd8Y8yymu https://t‚Ä¶,_,-1,-1
129,1260745319710486528,RT @ey_lesley: UniSA Researchers want to know HOW HAS COVID 19 AFFECTED FAMILIES‚Äô WORK INCOME SCHOOLING AND HEALTH? Please take the followi‚Ä¶,_,-1,-1
130,1260752899312742400,'Hard Dates' For Reopening #NJ Could Come Later This Week #Gov Murphy In No Rush | #NewJersey  #COVID„Éº19  https://t.co/Wkvxoacn1E,_,-1,-1
131,1260743856188010505,Even the countries that have got this under control have changed somewhat semi-permanently to manage.   COVID-19 wi‚Ä¶ https://t.co/43zPlzXPWj,_,-1,-1
132,1260746402059165699,Brazil Records Its Highest Daily COVID-19 Death Toll as Bolsonaro Continues Downplaying Pandemic https://t.co/ZzQm4KfTxS,_,-1,-1
133,1260742451779657729,still waiting on my corona test results so we out here living in uncertainty but also i get the rest of the week of‚Ä¶ https://t.co/WcTphLOUmS,_,-1,-1
134,1260747165694976001,RT @MarionGroves: Zali Steggall increasingly concerned about Morrison government's Covid Commission https://t.co/Xi3Bn5MDq0,_,-1,-1
135,1260749856550850562,RT @nicktolhurst: +UPDATE+  UK trading standards authority to investigate govt‚Äôs new Coronavirus tracking Ap after it was confirmed it is ‚Äú‚Ä¶,_,-1,-1
136,1260733569812422656,@chasesquires @Marshall9News @9NEWS @MayorHancock Those bonuses were earned before COVID-19 came along.,_,-1,-1
137,1260745206393188353,Dabur Hand Sanitizer @ just  ‚Çπ250. Buy Now : https://t.co/95dWXanBoq  #COVID„Éº19 #QuarantineLife #level3lockdown‚Ä¶ https://t.co/SeweypkxXX,_,-1,-1
138,1260756744571170817,@thehill For everyone who says every death is counted as a COVID-19 death...,_,-1,-1
139,1260752761353887752,I got corona virius,_,-1,-1
140,1260742393503952900,RT @thomasmeadnz: #BREAKING - There are no new cases of Covid-19 for a third consecutive day. #covid19nz #coronavirusnz @1NewsNZ,_,-1,-1
141,1260754392195780608,@AmyAthatcher Yes and we have a complete lack of leadership and education and information on COVID. üòîüíîüá∫üá∏,_,-1,-1
142,1260747927422676994,@davidaxelrod Rand Paul‚Äôs recent photo appears to suggest one can have COVID-19 continually for months.,_,-1,-1
143,1260750943152484354,RT @RedDirtCyclone: I wish I could so sure of anything as much as some people are about COVID-19. On both sides.,_,-1,-1
144,1260743289466216448,The Abbott Labs covid test has a false negative rate of 50%‚Ä¶ It doesn't work.,_,-1,-1
145,1260745836067057665,@KTLAMorningNews I‚Äôd like to know the number of people who wear masks &amp; tested positive for covid 19. Most people f‚Ä¶ https://t.co/A4pbHaeDZw,_,-1,-1
146,1260737226578767874,RT @Nnadede_1: Chinese wet market reopens with bats dogs still on offer despite Coronavirus outbreak. They 'bout to introduce Covid-20 Co‚Ä¶,_,-1,-1
147,1260748386111610881,#Covid-19 Contact Tracing Discussion #2: app dissection and and safety of user data https://t.co/jha3itYss8 @Cybersec360,_,-1,-1
148,1260741540193996801,RT @samhsagov: üÜï COVID-19 Emergency Response for #SuicidePrevention Grants  As part of the Trump Administration‚Äôs comprehensive response to‚Ä¶,_,-1,-1
149,1260751413627535363,RT @OKELVIN__: You'd be sent on a quest to an evil forest to recover the cure for Covid-19 and you must take a wizard with you.   Choose Wi‚Ä¶,_,-1,-1
150,1260736239235403777,RT @TheBattOnline: UPDATE: The Brazos County Health District has confirmed 14 additional cases of COVID-19 bringing the county total to 30‚Ä¶,_,-1,-1
151,1260748770477838336,RT @jacobgrier: New journal article arguing that the nicotinic hypothesis regarding interaction with COVID-19 is worth taking seriously di‚Ä¶,_,-1,-1
152,1260737451502342144,Workplace operations at COVID-19 alert levels: https://t.co/G5YP6rLdP8,_,-1,-1
153,1260736889436246017,@kaitlancollins We are finding out each day more issues that COVID is having on our children. A 8 year old boy went‚Ä¶ https://t.co/Y8E2gxiV0Y,_,-1,-1
154,1260745368574124032,So far 83 seniors have died of Covid-19 in Alberta care homes because the operators could not install good enough p‚Ä¶ https://t.co/s4Edxr9m8l,_,-1,-1
155,1260739896190222336,RT @nataliapalulatu: Tonga: US$8.4 Million to Strengthen Resilience and Fight COVID-19 @tongaportal https://t.co/EMQepV8LNw via @WorldBank,_,-1,-1
156,1260740116458295296,@DevinNunes Did you delivery Covid,_,-1,-1
157,1260757162709717001,"""There have been nearly 5000 reported cases of workers with Covid-19 at some 115 meat processing facilities nation‚Ä¶ https://t.co/RJ96PBCzXU",_,-1,-1
158,1260740281579843584,RT @AndyRichter: On May 1st my Aunt Pat died after yrs of living with Alzheimer's. Her death wasn't COVID-related her body had just had e‚Ä¶,_,-1,-1
159,1260757135169896457,RT @Elizahhbet: Today‚Äôs COVID-19 stats‚ÄºÔ∏è‚ÄºÔ∏è  Virginia total: 25070 Virginia hospitalizations: 3300 Chesapeake alone: 340  North Carolina:‚Ä¶,_,-1,-1
160,1260746188845916160,US Government Accuses Chinese Of Trying To Steal COVID-19 Vaccine¬†Research https://t.co/Nth9TH3x5q,_,-1,-1
161,1260753660725866498,@lsmaeelkhan @nuffield_girl @Paul_Framp @FirehorseP Well said. No privacy during covid 19. This virus is deadly.,_,-1,-1
162,1260745184091926528,RT @El_Conradical: @Jordan_Sather_ Probably just as effective at stopping covid as a N95 any ways lolz. https://t.co/OZhvPJLCsA,_,-1,-1
163,1260748030728257538,how are people hanging out with each other who don‚Äôt live together without being tested for covid or wearing masks‚Ä¶ https://t.co/V6yyghTACl,_,-1,-1
164,1260752268103573509,For mum of 7 with husband fighting COVID-19 in ICU home quarantine is an anxious but tight-knit affair https://t.co/NvrSaehRmY,_,-1,-1
165,1260729812441804801,Global death toll from #Covid19 nears 300000. Here're more updates:  üáßüá∑Brazil reports 749 new deaths üá≤üáΩMexico's to‚Ä¶ https://t.co/9HFih9xRhn,_,-1,-1
166,1260746804049653762,First haircut in the age of Covid. Everyone was masked there was an obvious attempt to TSA cleanliness. Everyone w‚Ä¶ https://t.co/89Krzb8KeO,_,-1,-1
167,1260742218266050561,"RT @rahulsingh1966: Amazing detail on possibilities of #COVID„Éº19 being man-made by @sanjaykpr  ""A chimeric virus was created that could inf‚Ä¶",_,-1,-1
168,1260739118180585477,RT @adgpi: #IndiaSaluteCoronaWarriors  #HarKaamDeshKeNaam  As Nation continues to fight #Corona pandemic Gallant Soldiers of #IndianArmy k‚Ä¶,_,-1,-1
169,1260730446347816960,RT @traceylindeman: Why are so many people getting sick and dying in Montreal from Covid-19? ‚Äî my latest for the @guardian https://t.co/MTC‚Ä¶,_,-1,-1
170,1260737148963237888,Half of #COVID„Éº19 deaths in Illinois in long term care homes?  wow https://t.co/6V7m5rgWGv,_,-1,-1
171,1260746805425238016,People who have effected in this corona disaster are helped by @derasachasauda volunteers by distributing food pack‚Ä¶ https://t.co/eI8U1GdWK9,_,-1,-1
172,1260745108003139585,US formally accuses China of hacking US entities working on COVID-19 research | ZDNet... (https://t.co/iPxoPbMYV0),_,-1,-1
173,1260729385734340609,RT @NicEGalloway: Look at the COVID cases by ZIP code in Maryland and tell me who Governor Hogan has decided is worth dying for his politic‚Ä¶,_,-1,-1
174,1260753124131852289,ok covid jokes over I‚Äôd like to go to my hairdresser now plz.,_,-1,-1
175,1260743640097447943,RT @ItsOnlyBantz: 120kg after not lifting since February CORONA WHO??????? ü•∫ü•∫ü•∫ü•∫ https://t.co/0mJkhs2Yb0,_,-1,-1
176,1260753933556948992,I just want my nails done but I don‚Äôt want to go get them done bc like corona,_,-1,-1
177,1260754957495529472,Tick tock. A ‚ÄòTrump Death Clock‚Äô has been installed in Times Square to track U.S. COVID-19 deaths due to President‚Ä¶ https://t.co/kuEjiMoqms,_,-1,-1
178,1260735202835468289,Is this the #NewNormal carrying a shopping cart handle guard with us to grocery stores? #3moremonths #COVID„Éº19‚Ä¶ https://t.co/19WPGpocWS,_,-1,-1
179,1260750078639247360,Good thing @GretaThunberg is on this covid-19 panel....we really need to get to the bottom of this.  Expert! HOW DA‚Ä¶ https://t.co/xmVxowMhzD,_,-1,-1
180,1260744885189083137,RT @kilonova_gold: @TheSWPrincess @GovLarryHogan We‚Äôre getting children with the Covid inflammatory syndrome locally too. https://t.co/05Z‚Ä¶,_,-1,-1
181,1260735224046108672,'Vaccines won't work': US virologist breaks down COVID-19 how to curb s... https://t.co/StZd3fKiV6 via @YouTube,_,-1,-1
182,1260743429660667905,RT @cnni: Cats can infect other cats with the novel coronavirus but they may not show any symptoms according to a new study. But experts‚Ä¶,_,-1,-1
183,1260743327374348289,I thought this was a new Corona Ball out.,_,-1,-1
184,1260738897375617026,RT @KSAU_HS: Researchers identified the cells targeted by the initial invasion of the new #Corona virus.  #COVID19  #KSAUHS #StayHome https‚Ä¶,_,-1,-1
185,1260731247942344705,@Reuters Brazil's population is much much bigger than France's. In terms of deaths caused by covid Brazil has a m‚Ä¶ https://t.co/CZOOk5DTsT,_,-1,-1
186,1260748648410800130,RT @LisaRunner4: @aravosis @JbthomJohn Nope no flying in a sealed up can for me. I always caught something every time I flew before CoVid.‚Ä¶,_,-1,-1
187,1260753824056258568,@IanTheNiceGuy Hospital makes more money labeling death as COVID makes three times more putting patients on ventilators üëÄ,_,-1,-1
188,1260745439898406918,RT @mawilearning: What are some strategies for maintaining meaningful Teacher-Student relationships during Covid-19? Read our latest blog f‚Ä¶,_,-1,-1
189,1260739226095636481,RT @roccogalatilaw: Twitter has just deleted ALL of my post-March 9th2020 tweets from my timeline. ALL these tweets concerned COVID-19.,_,-1,-1
190,1260750533935140866,We are very saddened to report five (5) additional COVID-19 deaths for a total number of 41. Our condolences are wi‚Ä¶ https://t.co/HaLAxQy72J,_,-1,-1
191,1260748326057791488,Up to 5 staff in Toronto Western emergency department test positive for COVID-19 https://t.co/oIrofFvzJx,_,-1,-1
192,1260732853190422528,@Connera @FlyThaiMMA Get you some dirty 30 corona dick lol,_,-1,-1
193,1260747689978990595,Catching covid-19 by rubbernecking the fire dept with all my neighbors after a fire alarm kicks us outside https://t.co/YDJEmW1tQ0,_,-1,-1
194,1260754264835702785,52 overs 245 runs 0 wickets... Good combinations between Corona and nepali people's...,_,-1,-1
195,1260739732524302336,RT @TIME: What to know about Kawasaki disease and COVID-19 in kids https://t.co/0fHBASjOqp,_,-1,-1
196,1260739663326740485,RT @dmburkeauthor: 1/2 ‚Äútesting for COVID it is actually blood harvesting and it‚Äôs going into the quantum super computers.‚Äù Now the plan i‚Ä¶,_,-1,-1
197,1260731209535102983,@shalomshuli Shuli further to my previous tweet I‚Äôm laid up due to life saving spinal cord surgery and with Covid‚Ä¶ https://t.co/1VUaQonW2d,_,-1,-1
198,1260748624625049614,Robert F. Kennedy Jr says Dr. Fauci and Bill Gates stand to profit from COVID-19 vaccine Robert F. Kennedy's son cl‚Ä¶ https://t.co/0gyXKaRDWj,_,-1,-1
199,1260746003688251392,RT @Saurabh_KumR: Corona warriors with a nightingale heart. So heartwarming to see @DCPSouthDelhi and his team thoughtfulness in such tryin‚Ä¶,_,-1,-1
200,1260729368038584321,COVID- 19: Auto firm donates relief items to¬†Kano https://t.co/QA1ZzAgGiD,_,-1,-1
201,1260743585546285056,RT @VickiMcKenna: OUTRAGEOUS: Mother dies during childbirth from treatable condition that went undiagnosed due to COVID-19 restrictions htt‚Ä¶,_,-1,-1
202,1260735363519320064,Loveland man recovered from COVID-19 believes plasma can help encourages donations https://t.co/fBLnvWKitZ,_,-1,-1
203,1260757163275763714,Health Minister: WA has recorded ONE new case of COVID-19 bringing state's total cases to 544.   The new case is a‚Ä¶ https://t.co/mCMQ4cm0aj,_,-1,-1
204,1260749169620221953,How is COVID-19 impacting our demands for entertainment? Glad you asked‚Ä¶  https://t.co/kpzVIORhzL,_,-1,-1
205,1260736242104360960,@DarnTough lol you need to go out more often (once Covid emergency is over),_,-1,-1
206,1260747417156235265,"""Many people think COVID-19 kills 1% of patients and the rest get away with some flulike symptoms. But the story g‚Ä¶ https://t.co/O767sEFQ2l",_,-1,-1
207,1260745244603289600,RT @NiteshNRane: Every Sarpanch in my constituency has been given a PPE kit so he can lead his village in the fight against COVID-19 n stay‚Ä¶,_,-1,-1
208,1260730286037299200,what fucking more do u want to ruin covid????? pack ur fucking bags and leave i want u out u ruined EVERYTHING I AM SO UPSWT AHDOVIJSNCJSJD,_,-1,-1
209,1260755816828727296,@containseggs No I meant because Reason used him for *their* covid analysis.,_,-1,-1
210,1260748224870006786,RT @TulareCo_HHSA: Today's Update on COVID-19 for Tulare County. #TCCovid19 #TCHHSA You may have noticed a few changes to the update. We ha‚Ä¶,_,-1,-1
211,1260733633058439169,@mrlsthrm @CTarian @MatthewJshow @IngrahamAngle @GovernorTomWolf Democratic Governors are putting Positive Covid Ca‚Ä¶ https://t.co/oY9CkvmBZy,_,-1,-1
212,1260747283743866880,RT @lana_helberg: Can you believe a president has to say ‚Äúwe promise to use the money for covid and to ensue that it‚Äôs not stolen‚Äù....can y‚Ä¶,_,-1,-1
213,1260732527108595713,RT @NigeriaGov: President @MBuhari chaired the first online Federal Executive Council (FEC) meeting since the COVID-19 lockdown and appoint‚Ä¶,_,-1,-1
214,1260734835871514624,Covid-19 Impact on Global Online Invoice Software Market Analysis 2020 ‚Äì Dynamics Trends Revenue Regional Segmen‚Ä¶ https://t.co/by1YBrOS4n,_,-1,-1
215,1260736884742991873,Russia Collusion=Ukraine Extortion=COVID Cover up  Wow What a Patriot,_,-1,-1
216,1260730152385802240,@thankuperiod Omg bb got Corona üêü,_,-1,-1
217,1260732796659798016,RT @BobtehBeagle: @RiskyLiberal All of the above. Plus a purposeful Corona spreader.,_,-1,-1
218,1260742838251327489,RT @DrAdamPSharples: New paper |  Impact of sedentarism due to the COVID-19 home confinement on neuromuscular cardiovascular and metabolic‚Ä¶,_,-1,-1
219,1260755088697589765,@Shotyyfn Yessir Lol maybe money going to charity / covid relief or something idk!   I was reading a bit on Reddit‚Ä¶ https://t.co/PfjzXin9VT,_,-1,-1
220,1260740680105648129,Nigeria hospital shuts down over COVID-19 fears  https://t.co/Td2eu3nnTw,_,-1,-1
221,1260734124513308673,RT @AJENews: UPDATE: Lesotho becomes last country in region to record COVID-19 case https://t.co/10n0Hjic0G https://t.co/QhGKJjSxXN,_,-1,-1
222,1260739375849185282,@ohsully42 @chadloder @Reuters Some vaccines work and other kill. Polio worked. Why don't we have Covid vaccines af‚Ä¶ https://t.co/CMGa8jeiHB,_,-1,-1
223,1260735165170507778,"""At the same time the state required nursing homes to take Covid-19 patients from hospitals and also loosened reco‚Ä¶ https://t.co/bCe3suG4zy",_,-1,-1
224,1260735739618263040,RT @youre_fired2020: @PhilEhr @Joni_Looking The Gig‚Äôs Up WERE COMING MATT THE SPOILED BRAT!  #HowardUniversity #COVID„Éº19 #coronavirus #Mat‚Ä¶,_,-1,-1
225,1260747725760536576,This year would have been legendary if Corona doesn't exist.,_,-1,-1
226,1260729306054930435,RT @gabriellecj: Italian doctors find link between Covid-19 and inflammatory disorder https://t.co/yaQD2dXDKL,_,-1,-1
227,1260734535697936387,Anyone else wish to see more Mavel comic parody on @Brazzers after COVID-19 pandemic gets in control. https://t.co/NxLgaklT8N,_,-1,-1
228,1260738820284092421,My tribute to #nurses has nothing to do with COVID. Recently my father died; the weeks leading up were stressful an‚Ä¶ https://t.co/HYskmAtg37,_,-1,-1
229,1260744010198470658,RT @JohnVincent72: Excited to be part of this event to raise money to fight Covid-19 that will be on NBC Sports Chicago with many Chicago S‚Ä¶,_,-1,-1
230,1260729115763761155,Multiple #Sclerosis and #COVID-19 #dave_pitsch #Monsterfunder   Please #Donate Today to my #Gofundme    #PLZ RT! Cl‚Ä¶ https://t.co/qJMgUL9TZ1,_,-1,-1
231,1260749592758550530,RT @LisaMcCray: We haven‚Äôt really discussed Boyd‚Äôs deafening silence over the last few years. We know that Covid 19 disproportionally harms‚Ä¶,_,-1,-1
232,1260751975685242880,And don't forget! If you are strapped due to the covid outbreak and can't afford subs right now and miss an issue‚Ä¶ https://t.co/Bf1H9wPaJz,_,-1,-1
233,1260751739667398656,RT @GladstoneInst: These top scientists have taken charge of two new biomedical institutes designed to beat back the COVID-19 epidemic by f‚Ä¶,_,-1,-1
234,1260732283297939456,RT @BellaaVanilla__: man that second wave of covid gonna tear our ass upü§¶üèª‚Äç‚ôÄÔ∏è yall have fun outside!,_,-1,-1
235,1260736708661911559,#COVID19 in Hamilton on 13 May: 240 completed tests 10 new confirmed cases 6 resolved 1 death. All community out‚Ä¶ https://t.co/b32HsFcMET,_,-1,-1
236,1260747967612551168,Michael Ryan executive director of the World Health Organization said this about the corona virus¬†‚Ä¶ https://t.co/e1RDPrVUBQ,_,-1,-1
237,1260747363829850116,@AndreaHorwath The big long term care chains were drooling to get their piece of the $275 mil in Covid funding. Whe‚Ä¶ https://t.co/gmdhyoX53V,_,-1,-1
238,1260736211578023938,The CIA believes Chinese officials threatened the WHO to keep the truth about COVID-19 dangers secret. Meanwhile t‚Ä¶ https://t.co/iOhacgZEgW,_,-1,-1
239,1260740742147956737,RT @NoWayNRA1: Experts‚Äô 7 best ideas on how to beat Covid-19 and save the economy https://t.co/9BJSZtah0B via @voxdotcom,_,-1,-1
240,1260736144557445120,ùóßùó∂ùòÅùóπùó≤: Breaking the back of COVID-19: Is Bangladesh doing enough testing?. ùóîùòÇùòÅùóµùóºùóøùòÄ: Hasinur Rahaman Khan Tamanna H‚Ä¶ https://t.co/iNbaNFmUvK,_,-1,-1
241,1260747165636280320,Experts' 7 best ideas on how to beat Covid-19 and save the economy - Vox https://t.co/FEuq46NL5K via @nuzzel thanks @paulmromer,_,-1,-1
242,1260741922563465222,Yep. This is a really unfortunate example of why calls for blanket immunity related to COVID-19 is a really bad ir‚Ä¶ https://t.co/76p0ExBYD6,_,-1,-1
243,1260738763963023360,RT @BCorporation: Purpose purpose purpose! There were a lot of takeaways from @OpenIDEO's #COVIDBizPivot webinar yesterday but it looks l‚Ä¶,_,-1,-1
244,1260738808938729476,thank god for the french gender council now i can finally talk about la covid-19. wait is that sexist? don't tell me. is it sexist,_,-1,-1
245,1260754350042996744,RT @semper_guy: @CBSNews But it will be listed as a corona death,_,-1,-1
246,1260740520147652616,@MarcusBeam1 @C95569157 @GovMikeDeWine In the USA a study presents that COVID is 13 times deadlier than influenza‚Ä¶ https://t.co/WY9ecejwtu,_,-1,-1
247,1260750990267080705,RT @BetsyRo66042354: Florida and Georgia have been open and have NOT had a sharp rise in covid cases. Come on people wake up! https://t.co/‚Ä¶,_,-1,-1
248,1260744461803565065,@Muhuailing1 @JenniferKashani @vent_podcast In France‚Äôs study it helped 91% of Covid patients.  Hydrochloroquin has‚Ä¶ https://t.co/Fp52ZBTujS,_,-1,-1
249,1260754569027608578,RT @apnic: The newly formed @ThreatCoalition is becoming a critical collaborative resource in the fight against the growing tide of COVID-1‚Ä¶,_,-1,-1
250,1260744564979257345,Older Minnesota voters file suit to change absentee voting rules amid COVID-19 fears https://t.co/OJjxYOx2OP,_,-1,-1
251,1260734936522227712,RT @NKNistoranTeam: Denying Rivers other states help to fight COVID-19 dangerous - PDP tells Buhari  Peoples Democratic Party on Wednesda‚Ä¶,_,-1,-1
252,1260731500036796421,Peter Hitchens | 2018 predictions on COVID-like crisis. https://t.co/4h19zwfX0W via @YouTube,_,-1,-1
253,1260741744884420608,@khaled_q28 He said he can‚Äôt buy the club now because of corona virus,_,-1,-1
254,1260744445663862785,RT @FacesOfCOVID: Kimarlee Nguyen 33 of Revere MA died of COVID-19 on April 5 while on her way to the hospital. She was a budding write‚Ä¶,_,-1,-1
255,1260729426414837762,Friday May 15th 8:30am-9:30am: discussion on Changes in the Office Landscape Post COVID-19 with Julie Kriegel Kr‚Ä¶ https://t.co/alJYE7111h,_,-1,-1
256,1260729515074031616,RT @The_Belladonnas: Right now we are also seeing a LOT of COVID-19 and social distancing pieces submitted as topical. These are NOT topic‚Ä¶,_,-1,-1
257,1260746920957489152,Rumourüßêis  Ifüßê youüßê showerüßê inüßê hotüßê enoughüßê waterüßê   covidüßê will üßêburnüßêoffüßê yourüßê skinüòµ andüßê you üòµ willü•∫ beü•∫ covidü•∞ freeü§©,_,-1,-1
258,1260742424911060992,@porktit @JustinMonty Wow that Covid-19 expert sure is mad about something,_,-1,-1
259,1260752003598364674,‚ÄúLouisiana will move to Phase One under the White House COVID-19 guidance this Friday May 15 which removes the St‚Ä¶ https://t.co/mfsRYTDiWj,_,-1,-1
260,1260732473371213824,Gracias a dios my uncle &amp; his gf have officially beat COVID-19 üò≠üôèüèªüôèüèªüôèüèª,_,-1,-1
261,1260730910871375874,RT @EBJunkies: A doctor who has worked with Covid patients alerted me to this research that very few people are picking up on.... why?  if‚Ä¶,_,-1,-1
262,1260733133227544578,RT @AlexMarkPT_UIHC: Our 1st #covid on #ecmo. Intubated pregnant and walking. This is ECMO day 9 first mobilized day 5. Early mobility t‚Ä¶,_,-1,-1
263,1260742244614705153,85-Year-Old Woman Beats COVID-19 Discharged From Hospital In¬†Bhubaneswar https://t.co/mTOWi1hESq,_,-1,-1
264,1260734487073193985,'Innocence' postponed (again) to June due to new spreading of Covid-19.  üòÖüò≠ https://t.co/kmdhLpcku7,_,-1,-1
265,1260733820837511171,RT @RepBradWenstrup: With all of the interruptions that the COVID-19 outbreak caused I recently sent a bipartisan letter with @RepLaHood a‚Ä¶,_,-1,-1
266,1260740229692088321,@TeamPulte Went and got tested for Covid-19 today so I hope it's negative,_,-1,-1
267,1260729109820272640,RT @PhillipMolnar: Looking for a San Diego home to buy during COVID? It's slim pickings https://t.co/xgsZE3L1qx,_,-1,-1
268,1260751497769484289,@GovernorTomWolf - really disgusting how you are using the numbers to hold Pennsylvanians hostage. 70% of COVID dea‚Ä¶ https://t.co/0b5tIZ8ZWd,_,-1,-1
269,1260731204208386055,so dr crazy taylor came today in whitby to get me! covid19 insulin injection two sticks sweets meets maker sma‚Ä¶ https://t.co/K9Yqp0HlkC,_,-1,-1
270,1260734031416737798,COVID-19 test used by Trump White House may miss nearly half of positive cases: NYU study - https://t.co/1hglIKJFvz,_,-1,-1
271,1260729948958007297,Don't mean to sound like a miserable person but god I fucking hate these covid commercials from big companies.,_,-1,-1
272,1260747157629517825,If COVID-19 shows us anything it is the power we have as individuals to take meaningful individual actions to pro‚Ä¶ https://t.co/IHyYcwVpQn,_,-1,-1
273,1260740680357462021,RT @HowieCarrShow: PA Health Secretary Moved Mother Out Of Personal Care Home After Ordering Nursing Homes To Accept COVID Patients https:/‚Ä¶,_,-1,-1
274,1260751164808867842,RT @wimgrommen: @PoppyHarlowCNN The corona crisis shows that the intrinsic value of companies without the support of a society can return t‚Ä¶,_,-1,-1
275,1260747252445908994,@upcyclealleykat Hydroxychloroquine Has about 90 Percent Chance of Helping COVID-19 Patients States Association of‚Ä¶ https://t.co/pe8gTOgoLx,_,-1,-1
276,1260745764734722048,‚ÄúCorona‚Äù eliminates the tourist season in the Bosnian¬†Mostar https://t.co/heyHBlkTGK,_,-1,-1
277,1260754264571314176,"RT @covid19aidslc: ""Oh wow that's the ice cream cone in sugarhouse"" - you",_,-1,-1
278,1260730024027729922,This is the shittiest Moroccan covid related article I've read. I'm so pissed off,_,-1,-1
279,1260733571033112584,if CNN has greta thunberg attempt to convince children that covid is a serious threat to their health - well that‚Ä¶ https://t.co/3kBekgkB2D,_,-1,-1
280,1260732868264853505,RT @MilmanJane: Despite the challenges and losses of #SocialDistancing &amp; #StayHome they appear to ease the mental health burden of #COVID‚Ä¶,_,-1,-1
281,1260751131652829191,Just discovered NOVID an app to help protect yourself from COVID-19 anonymously. Let's stop this virus once and‚Ä¶ https://t.co/XhhCYSWAj2,_,-1,-1
282,1260741153202360322,RT @facebookai: We‚Äôre sharing details about how Facebook is using AI to help detect COVID-19 misinformation and other challenges related to‚Ä¶,_,-1,-1
283,1260730201706725377,RT @RobRobbEdwards: Rare Thai Turtle Nests Make Biggest Comeback In 20 Years Thanks to COVID-19 https://t.co/oZGM6n8bfn,_,-1,-1
284,1260740488841265152,RT @ilokeshdhar: PM CARES Fund Trust Allocates Rs. 3100 Crore for Fight against COVID-19 Out of Rs 3100 crore a sum of Rs.2000 crore will‚Ä¶,_,-1,-1
285,1260745680877834241,RT @SamanthaCKing: Here's the site to schedule an appointment for a COVID-19 test in LA!  https://t.co/JM7syXrEzr,_,-1,-1
286,1260746081564057600,Beware the Lofty Promises of Covid-19 ‚ÄòTracker‚Äô¬†Apps https://t.co/ehMJaMQ4OL,_,-1,-1
287,1260729387311222784,A jabroni is a subcutaneous inoculation against COVID-19,_,-1,-1
288,1260732405037613058,RT @davidkingtheo: #UN is a Fraud In Madagascar have around 170 cases Covid 19 and 99 healed using Artemisia mix medical herbal and no one‚Ä¶,_,-1,-1
289,1260729965206810625,RT @nolaready: This stormtrooper wants you to keep your countertops covid-free. Regularly disinfect high-touch surfaces at home &amp; in #Phase‚Ä¶,_,-1,-1
290,1260736428469821440,RT @no_silenced: A group of 13 state liberal AG‚Äôs have asked Amazon for a breakdown of workers who have died or tested positive for corona‚Ä¶,_,-1,-1
291,1260743775732682754,"RT @JMGardnerMD: ""COVID toes"": Pernio-like red to violaceous toe lesions associated w #COVID19. On this biopsy: ischemic epidermal change‚Ä¶",_,-1,-1
292,1260750156116430849,Uggghhh m so fedup with my pj'süôÑ wan to get dressup but 've no reasonüòí Hey you Corona cessation your drama please so we can go outüò≠üò≠,_,-1,-1
293,1260752523704532994,COVID-19 pandemic dictates when the country reopens. Don't lose your life over ignorance powered by greed. It's not‚Ä¶ https://t.co/r3Ucm616xv,_,-1,-1
294,1260753570690854914,RT @DavidOr08827201: Hey I don't know what the hang is about the Corona virus and why we are all strung out about it i just just put a slic‚Ä¶,_,-1,-1
295,1260748283707875335,RT @nailainayat: After zaireen tableeghis - Lawn-buying-aunties will be a new data entry for COVID-19 cases in Pakistan.,_,-1,-1
296,1260731122373320706,RT @VHSstrength: In honor of @huser_kirk being selected to the 8 man all star game and the game not being played because of COVID..here ar‚Ä¶,_,-1,-1
297,1260745055230443521,RT @santeriashorty: Bruh does Hawaii not exist? Why haven‚Äôt I seen Hawaii and corona in the same sentence?,_,-1,-1
298,1260755291412533248,NATIONAL NEWS: 'No easy route back' to normality for post-COVID NHS say health leaders  https://t.co/48CJu6Ci5o,_,-1,-1
299,1260757339730317314,@ddale8 The largest demographic here in Georgia of people who are dying from #COVID-19 are between the ages of 18 a‚Ä¶ https://t.co/1v3bm29SkB,_,-1,-1
300,1260756038631989255,‚ÄúOur goal is to make this as easy as Amazon Prime‚Äù: New COVID-19 mobile testing unit in Kennewick can be utilized b‚Ä¶ https://t.co/hxKgjFkE9e,_,-1,-1
301,1260750726755688449,@alonelonelybear @thfcelery @Bradwaterbird @Struggle_Tweet everyone in the US got a $1200 check to help with COVID-‚Ä¶ https://t.co/CTlZhYhavM,_,-1,-1
302,1260736757794058240,Senator Warren on Corona Virus Economical Package for front line workers https://t.co/zDTFNxgDqL via @YouTube,_,-1,-1
303,1260743844288704513,Records reveal data gaps in one of NC‚Äôs key COVID-19 metrics https://t.co/hkHYHmfvXg,_,-1,-1
304,1260729507960352768,RT @mirzalibra10: We do not have to only live with Coronavirus! This is in addition to endemic poverty lack of safe drinking water sanita‚Ä¶,_,-1,-1
305,1260753944894214145,@JoeBiden The world knew that Covid-19 was a crisis no later than 25 Jan. US intel knew by 8 Jan the day after Xi‚Ä¶ https://t.co/ZcOz4LpTQI,_,-1,-1
306,1260754384666923009,Honestly say what you want but now.... after 3 deaths in my family something ain‚Äôt adding up with this corona shit‚Ä¶ https://t.co/NHQTg2CpIe,_,-1,-1
307,1260742154361634816,After reports that China is hacking the US to obtain COVID-19 info the Chinese press puts out this 'viewpoint'.,_,-1,-1
308,1260750863158726662,#Covid19: available evidence shows that #facemasks can't stop #Corona viruses from attacking its victim. The masks‚Ä¶ https://t.co/UJwmwqSLTI,_,-1,-1
309,1260748623295451137,Haven't felt this sick in soooo longü§Æü§¢ ü•¥ no corona tho. üò∑,_,-1,-1
310,1260733815317843969,A6 I have been working from home since January but since COVID I have been giving myself permission to walk for an‚Ä¶ https://t.co/wGAGWZ9WSQ,_,-1,-1
311,1260737263815856128,@realDonaldTrump get covid,_,-1,-1
312,1260736600859766784,Jamaica Tourism Hires COVID-19 Tourism Recovery Expert https://t.co/hVn9PcmR7o #rebuildingtravel #travel #news https://t.co/0KVSDmEAoB,_,-1,-1
313,1260745755649880065,RT @espnhomer: The Wisconsin update with 418 deaths. 87.3% of people who have died from Covid-19 are 60 and older. 4.8% are from people und‚Ä¶,_,-1,-1
314,1260752946272145410,@Realpersonpltcs @iicrakdamirror https://t.co/SYseSJ3def dod obtaining CoVid prefilled vaccine.,_,-1,-1
315,1260731114685116417,Texas reports highest one-day COVID-19 tests totals - https://t.co/ewe8TI59AJ,_,-1,-1
316,1260756148795383812,RT @theSURESHsharma: #COVID19India #COVID19Karnataka #COVID19Bangalore : 8 more persons have tested positive to #Covid19 in #Karnataka .Til‚Ä¶,_,-1,-1
317,1260746582011580416,Damn you Corona virus! You‚Äôre even taking away the angels.  https://t.co/XO5Y8IGSaf,_,-1,-1
318,1260734303341703168,Study confirms cats can become infected with and may transmit COVID-19 to other cats https://t.co/PTiCdEo68o,_,-1,-1
319,1260743407078686725,RT @TrumpisSauron: Just a reminder that before the Covid-19 market crash the worst PM in Canadian history was Stephen Harper and his team:‚Ä¶,_,-1,-1
320,1260741806544818176,@HotlineJosh They can shove Greta and corona where the sun don‚Äôt shine,_,-1,-1
321,1260755255542898694,He leaves the doctors and professionals to discuss Covid-19. Dr. Tam has been amazing!,_,-1,-1
322,1260749117275291648,@Amy_Celeste_ Well as long as the corona crap is going on I won't get the best :c I have been so fucking depressed through all this,_,-1,-1
323,1260737020743188480,RT @BrookingsInst: The COVID-19 pandemic has made it especially clear that national threats take many forms. In light of this @MichaelEOHa‚Ä¶,_,-1,-1
324,1260754325946748932,COVID-19 corruption | Zambian Politics News - (Full Story: https://t.co/pqHJ9jiBd7 ) #RT #Zambia #Africa #Politics https://t.co/men8zB7O4h,_,-1,-1
325,1260738177721131008,RT @washingtonpost: The covid-19 pandemic could also lead to the spread of other preventable diseases https://t.co/IsT6x37XFs,_,-1,-1
326,1260736034691624960,@jeanneelieangel Hahaha aight enjoy the covid life come at me with some real knowledge when u do some studying of I‚Ä¶ https://t.co/gvugUrlgW2,_,-1,-1
327,1260735111793971202,LRT: yeah the language that the media/public leaders are using around Covid is...frightening and feels very manipul‚Ä¶ https://t.co/mGxfvF6eSu,_,-1,-1
328,1260755122482671617,ARIRANG NEWS: Protecting Personal Info  In response to the recent spike in COVID-19 cases the #Seoul city governme‚Ä¶ https://t.co/8O63XotMol,_,-1,-1
329,1260752088843333633,RT @RyanConner69: Join me on https://t.co/sDQYU1RMrd  to see more of me and pass your time away while we wait out COVID 19 https://t.co/lWO‚Ä¶,_,-1,-1
330,1260735142928285697,"@EdgeofSports With all these sports leagues getting daily tests I am imagining a July where there are ""0"" COVID dea‚Ä¶ https://t.co/Y5FxdJZFMJ",_,-1,-1
331,1260735621708079105,RT @AsAmNews: Wash Your Hands and #WashTheHate: AAPI Celebrities Join Forces to Fight COVID-19¬†Discrimination https://t.co/f5LapMeSlr,_,-1,-1
332,1260736665980731392,#MattDamon‚Äôs 21-year-old daughter Alexia contracted coronavirus ‚Äúreally early on‚Äù while at college in New York.  https://t.co/TNugocCHMi,_,-1,-1
333,1260731590285631493,@GoAngelo That beard definitely harbors the Corona.,_,-1,-1
334,1260752921022672896,Turns out #COVID19 wasn‚Äôt nearly as deadly as #they wanted it to be. Didn‚Äôt kill NEARLY as many as #they thought. I‚Ä¶ https://t.co/CBBzk2z3JR,_,-1,-1
335,1260756535942266880,@GovAbbott @KenPaxtonTX You &amp; your unqualified ignorant staff are responsible for over 1300 Covid 19 cases today!‚Ä¶ https://t.co/RTJjNhHm1f,_,-1,-1
336,1260740016814403584,RT @IngrahamAngle: Bad news for the Left.  Didn‚Äôt need to delay reopening: Georgia reports lowest number of COVID patients in a month | Fox‚Ä¶,_,-1,-1
337,1260731516092547072,Ag and Biofuel Groups Ask Congress for COVID-19 Relief #fashion #shop #boutique #boutiqa #jumia #hmall #yamanda‚Ä¶ https://t.co/B25tMQIn0T,_,-1,-1
338,1260743842480877573,RT @GCChemosensoryR: Here is a summary of our manuscript: More than just smell - COVID-19 is associated with severe impairment of smell ta‚Ä¶,_,-1,-1
339,1260731341899018240,The WISH MAP (Mobile Access Project) is still on the road every single night amidst the COVID-19 crisis. The hardwo‚Ä¶ https://t.co/jzEiexi0ED,_,-1,-1
340,1260731807575814146,@AOC Haha very funny üòÇüòÇüòÇ now go play your video games I‚Äôm tired all day hearing you this isn‚Äôt the corona virus I f‚Ä¶ https://t.co/HaAFuA0rqf,_,-1,-1
341,1260745140823568385,Today the City of Hamilton is providing another update to the community on the City‚Äôs response to COVID-19.  As of‚Ä¶ https://t.co/4FH6zeC37x,_,-1,-1
342,1260754789291511810,@m_clem COVID-19 may be to blame for a recession but shit like this puts the blame solely on Trump if it turns into a depression,_,-1,-1
343,1260744375799291904,RT @ErnestCooney2: @JaniceB69003025 All of a sudden they are waiting for a vaccine for this Corona virus before we go back to living they‚Ä¶,_,-1,-1
344,1260736015846670336,I can‚Äôt wait to see all the people who are going to the bars and gym etc get COVID,_,-1,-1
345,1260735362009149440,#Coronavirus #COVID19 COVID-19 MAY BE THE EQUIVALENT OF MALARIA WHICH AFTER ALL THE GLOBAL EFFORTS HAS NEVER BEEN E‚Ä¶ https://t.co/U5ERREcYD1,_,-1,-1
346,1260734520522944512,RT @Jesse96639117: Thunderbirds fly over San Antonio to salute the frontline Covid-19 responders here in Texas. Here's a little clip of me‚Ä¶,_,-1,-1
347,1260735861240578048,Man i called my parents idiots to their face yesterday corona pleaseee ajgdjsgsjsgd,_,-1,-1
348,1260754310595399680,@sharpmoderato @ntfcovid19ph Idc. DOH already explained several times sa media and they even released a formal writ‚Ä¶ https://t.co/k11RTkh51c,_,-1,-1
349,1260749784140394496,RT @OttawaMatters: Ottawa Public Health now urging any resident experiencing COVID-19 symptoms to get tested https://t.co/NKO65ZJkZh https:‚Ä¶,_,-1,-1
350,1260729908361416712,RT @MistressRazz: BREAKING: BILL GATES BECOMES PRIME SUSPECT IN COVID-19 EPIDEMIC - WANTED... https://t.co/OQ2pX6uno6 via @YouTube,_,-1,-1
351,1260746457260400647,Oh Sanghi! U faked that Tablighi People spread Corona. They Donated Plasma. They didn't spread Corona. They spread‚Ä¶ https://t.co/fQmneqisKf,_,-1,-1
352,1260751195695652864,Have you been struggling to adapt to online learning since the COVID-19 crisis? Don't worry! I compiled a list of m‚Ä¶ https://t.co/iqVHue6XST,_,-1,-1
353,1260739177232162816,@DtCamJansen Since Covid on the rare occasions I order delivery I tip 30%. Before the delivery is done. Be kind always.,_,-1,-1
354,1260742522835533824,"RT @Truthpullin: @Daoyu15 @ACROBio ""so assuming that COVID-19 emerged naturally in a matter of weeks in the middle of a massive urban metro‚Ä¶",_,-1,-1
355,1260741916511084546,RT @NuclearHotseat: Hanford Nuclear/Covid Nightmares - Tom Carpenter -   #464 https://t.co/CUX3slSp6R,_,-1,-1
356,1260748050781229056,COVID-19 has shocked the world economic structure which is now in a state of uncertainty. Recently the Internation‚Ä¶ https://t.co/kcq1EZsU1r,_,-1,-1
357,1260738830434533377,@EyHol @DonaldJTrumpJr Oh yeah without the.00000001 covid deaths no one will die.... Really? Seriously!,_,-1,-1
358,1260755740584706049,‚ÄúGene-Edited‚Äù Future Justified By COVID-19 &amp; France Admits Athletes Infected At Wuhan Military¬†Games https://t.co/JOo9cNuS3V,_,-1,-1
359,1260733799219920896,RT @Norb007: Not a conspiracy...these are TRUE FACTS! China  Bill Gates George Soros  Piribright Corona Virus Patent x2 WuXi Biochem lab‚Ä¶,_,-1,-1
360,1260740118635253761,Three new cases of COVID-19 confirmed in Barron County | COVID-19 | https://t.co/lFumBxkaoj https://t.co/brXIvafOo9‚Ä¶ https://t.co/UTk6jwdVTV,_,-1,-1
361,1260731739791429633,RT @_ClaireConnelly: The fossil fuel industry's wish list. A full list of policy changes rolled back while we were focused on the coronavir‚Ä¶,_,-1,-1
362,1260729485529415680,WHO: Some COVID-19 Treatments Look Like They‚Äôre Working: https://t.co/7RwZRNQX0n via @thedailybeast,_,-1,-1
363,1260750132104040448,Niggas will use any excuse to slide in the DMSüò©üòÇüòÇ oh yo folks died from covid 19 let me reach out fool assüòÇüòÇ,_,-1,-1
364,1260729288988307459,RT @LilSkam4k: Breaking news: Chief Keef has been seen working on a solution for COVID-19 https://t.co/YpphkGZeqV,_,-1,-1
365,1260751096517181445,@HowardSudberry @derrickvanorden @MollyBeck Whatever you say Corona karen https://t.co/62PlIccnPY,_,-1,-1
366,1260747568407031808,RT @SenatorRobHogg: May 13  Another 1772 Americans died today from COVID-19 bringing the death toll for May to 21080.  This comes after‚Ä¶,_,-1,-1
367,1260746147674550273,RT @craftygames: Fantasy Craft Second Printing is included in the No Kids Hungry COVID-19 relief bundle available through our partners at‚Ä¶,_,-1,-1
368,1260748398119931905,RT @GlblCtznImpact: $127.9 million for COVID-19 relief.  That is the power and impact of One World: #TogetherAtHome.  Thank you @ladygaga f‚Ä¶,_,-1,-1
369,1260740843658334209,RT @GuardianAus: Should I wear a mask? Experts on how we stay safe as Australia eases coronavirus restrictions https://t.co/2Uqwt6ckk2,_,-1,-1
370,1260756429931048961,Check out our quick article about the process and experience of designing a COVID-friendly AR Translator for Hotels‚Ä¶ https://t.co/Ozwu26HvJK,_,-1,-1
371,1260747494448865280,Great point Omar. However let's not forget that this coronavirus is a plandemic could you destroy President Trump‚Ä¶ https://t.co/RaqD60x5NG,_,-1,-1
372,1260729478017253376,RT @RealCandaceO: Serious question. What do you guys think the REAL #coronavirus death toll is? Under 10k?   Please make this video viral:‚Ä¶,_,-1,-1
373,1260728976655466499,@GovernorTomWolf Your an embarrassment Rachel Levine is the one who committed murder by ordering covid patients to‚Ä¶ https://t.co/f6U2N1IG56,_,-1,-1
374,1260736423956746240,@MSNBC By the way guns don't kill people bullets do. Without the gun however the bullet can't kill. Corona in man‚Ä¶ https://t.co/T4iZse0QXr,_,-1,-1
375,1260731820401811457,RT @CDCGlobal: The USG and CDC have supported the Vietnamese Ministry of Health helping train field epidemiologists for #COVID19 response.‚Ä¶,_,-1,-1
376,1260736111376306181,RT @ChopnSlop_1921: #Moor411 : CORONAVIRUS  ‚ÄúWho Really Created COVID-19?‚Äù  #Part3 https://t.co/ziHs4ZKZAs,_,-1,-1
377,1260746443364511744,RT @Tempegov: Read about the Mayor‚Äôs emergency proclamation find out what park amenities are reopening and learn more about the new COVID-‚Ä¶,_,-1,-1
378,1260742837425053697,RT @squarechesnut: Great time to improve/practice your Spanish! A must read brilliant article by @SesmaLab #COVID„Éº19 - y el tiempo que tene‚Ä¶,_,-1,-1
379,1260735751307907073,$25 to fill the tank on E s/o to corona üí™üèø,_,-1,-1
380,1260747705766248448,Why are the covid deaths so much more during the week?,_,-1,-1
381,1260739699527823366,@CNN If antibodies of those recovered from Covid can be used to treat Covid why quarrantined 81% of the population‚Ä¶ https://t.co/Eh4Ao4gM6M,_,-1,-1
382,1260741883757760512,RT @ONThealth: Anyone who needs screening or care for COVID-19 will get it. Ontario is waiving the 3-month waiting period and will cover fo‚Ä¶,_,-1,-1
383,1260748285935079425,RT @SanjeevGautam13: They are being penalised for serving Nation in Corona Pandemic on empty Roads of Delhi.There were no traffic violatio‚Ä¶,_,-1,-1
384,1260742448726323203,"RT @TWT_NOW: TUESDAY 6.30PM ‚è∞ MASS ZOOM CALL üìû  ""The Green New Deal: A People's Recovery from the Corona and Climate crises"" üåç  With:  @el‚Ä¶",_,-1,-1
385,1260730676921487366,Lexis Practice Advisor¬Æ: Pandemic Flu/Influenza/Coronavirus (COVID-19) Prevention and Response Checklist (Best Prac‚Ä¶ https://t.co/NBggOZuSSr,_,-1,-1
386,1260730548860981251,RT @RebelNewsOnline: Trudeau wants to test #COVID-19 vaccine developed by Chinese army on Canadians   @TheRealKeean has the scary details:‚Ä¶,_,-1,-1
387,1260756133209411584,RT @channelstv: COVID-19: Kaduna Govt Releases 60 Almajirai From Isolation https://t.co/BiBW5QJFtw https://t.co/nGKTpqOPWU,_,-1,-1
388,1260744364906733568,PA Health Secretary moved her own mother out of personal care home after ordering nursing homes to accept COVID pat‚Ä¶ https://t.co/kr1lkAEeQB,_,-1,-1
389,1260742927040614409,RT @TODAYshow: As cases of rare COVID-linked illness in kids rise Fauci warns much remains unknown https://t.co/Qs1t2amPdE,_,-1,-1
390,1260746175214309376,#COVID19 - Updates:  -US agencies says Chinese hackers are trying to steal COVID-19 vaccine research -Europe pushed‚Ä¶ https://t.co/7vydr5qWEa,_,-1,-1
391,1260737366114938885,@realDonaldTrump You‚Äôre not a magician. Covid isn‚Äôt magically disappearing and Obamagate is a whole lotta nothin!,_,-1,-1
392,1260745339457298432,@DavidCornDC Russian covid-19 cases in two weeks jumped to second to US,_,-1,-1
393,1260730864712982528,RT @imsumitrathi: Mamata Banerjee is busy in blaming central govt Modi Ji Hindus blaming Corona warriors blaming RSS blaming this pand‚Ä¶,_,-1,-1
394,1260740821286035456,Finally getting nice out.  Working nights. All Covid. All the time.,_,-1,-1
395,1260752109504466945,His dangerous ideology is the most COVID-impacted community in this powerful moment.,_,-1,-1
396,1260746172530130945,@scottbergeyart @fordnation Why?  You excited to catch the covid?,_,-1,-1
397,1260742071897460736,RT @ParkerMolloy: Oh and he was one of the people pushing the drug that has been found to actually leave covid patients worse off https://‚Ä¶,_,-1,-1
398,1260743304716615680,If everyone wasn't afraid of covid this dude would've been eating that cereal up off the floor,_,-1,-1
399,1260750049023111168,@fzz87 Yea checks and balance! Ask LHL apologies and step down = no more covid 19 mess so easy why nobody thought of it.,_,-1,-1
400,1260756477704376323,RT @NLebrecht: Watch: The first Corona-compliant symphony orchestra https://t.co/IH83dCad2G https://t.co/xxXZ3PBlS5,_,-1,-1
401,1260736270256521222,Use the interactive tracker to see the 14-day trend of coronavirus cases in your county: https://t.co/S18rTh2PWa,_,-1,-1
402,1260729999838998528,RT @KimPKAG2020: üí•Time to explode the Andrew Cuomo myth   üí•2-3x as many New Yorkers died from #COVID-19 per capita than Italy &amp; Spain  üí•N.Y‚Ä¶,_,-1,-1
403,1260743675354558464,@alexlee33 @ChrisForGoodGov Looks like doctors are not the only one about to hit the chopper as COVID issues get us‚Ä¶ https://t.co/PmpmGPAE11,_,-1,-1
404,1260741216251101184,RT @AbhishBanerj: Disturbing reports coming from Bengal.  This isn't about Corona.   Does anyone have more details?,_,-1,-1
405,1260742557220339712,RT @gracetayl: The longer everyone stays scared and watches the news about this corona bs the longer the government is gonna take full con‚Ä¶,_,-1,-1
406,1260756584411680768,RT @markdevenport: . @DUPleader says the Covid 19 regulations in NI will stay ‚Äú largely as they are‚Äù for next 3 weeks but mentions garden c‚Ä¶,_,-1,-1
407,1260743694421983235,@DoviSternNYC @JeffreyGuterman @realDonaldTrump Go bob on a covid schlong.,_,-1,-1
408,1260739755957866498,RT @natnewswatch: 'Alberta didn‚Äôt contain it': COVID-19 outbreak at oilsands camp has spread across the country https://t.co/bHVbl2WwQT via‚Ä¶,_,-1,-1
409,1260736191948656641,5 Myths About Remote Teaching in the Covid-19 Crisis https://t.co/T6JcTLj7Gd,_,-1,-1
410,1260749454006579200,RT @AKpublicnews: In an effort to address the deep concerns in coastal communities about Outside workers bringing COVID-19 the state is wo‚Ä¶,_,-1,-1
411,1260734781391810561,@wisgop What is your plan to keep Wisconsinites safe from Covid-19? Really‚Äîdo you have a policy? Or is your agenda‚Ä¶ https://t.co/HhPC6E3tPc,_,-1,-1
412,1260751087398682627,RT @NYCEMSwatch: In the time of Coronavirus you need to have well educated credentialed health experts and scientists to inform the publi‚Ä¶,_,-1,-1
413,1260742167527477248,A Thriller at the Intersection of Two Epidemics: COVID-19 and the Opioid Crisis | CrimeReads https://t.co/Fe0WM9FloF,_,-1,-1
414,1260743137825132544,RT @ultrascanhumint: A Global Initiative to Protect Frontline Responders During COVID-19 Pandemic: Medical institutions around the world ar‚Ä¶,_,-1,-1
415,1260741220889960455,@BumfOnline Who forgot to tell Rob we are in the throws of a pandemic? I am unemployed because of COVID dear Rob. #RIPCapitalism,_,-1,-1
416,1260746704808099841,TYPE IIR Surgical masks for sale #Facemasks #Protection #CoronaVirus #CDC #News #Wholesale #Sale #Facemask #Covid19‚Ä¶ https://t.co/gD2gHQa80z,_,-1,-1
417,1260737375333871616,@ReppinDaBay415 I dunno what outrages me more the covid tax or her grimey ass thumb. Wash yo damn hands!,_,-1,-1
418,1260755205626441729,He's an MD. As opposed to CNN having Greta on a Covid panel...üòÇüòÇ,_,-1,-1
419,1260744345117839360,@maggieNYT He really just is angry about covid getting in h it s vfc way of campaigning more thsn fauci.  He really‚Ä¶ https://t.co/QqT4OSyUvV,_,-1,-1
420,1260747041497587719,RT @HarrieFarrow4JP: Released prisoner from #Cummins ignores orders to quarantine tests positive for #Covid19 in #EurekaSprings spreads t‚Ä¶,_,-1,-1
421,1260745098939285505,Children are desperately ill with a series of serious illnesses related to #COVID19 while @realDonaldTrump wants to‚Ä¶ https://t.co/csVbSYzCWE,_,-1,-1
422,1260739076690501633,@WFRVLocal5 Well bravo thanks to wi GOP COVID-19 will skyrocket people will get evicted and nobody will have $$ t‚Ä¶ https://t.co/80np1LBj6O,_,-1,-1
423,1260743607541170178,@BWildeGlobal Is there really a french vs english debate on Covid 19 ?  I thought it was a Montreal vs rest of Qu√©bec.,_,-1,-1
424,1260747477151559685,RT @VCU_Global: New 'Keep on Studying Abroad' site offers tips to plan study abroad in light of COVID-19 connect virtually with an adviser‚Ä¶,_,-1,-1
425,1260733462035804160,covid can suck it,_,-1,-1
426,1260735376148189185,RT @OG_BradLitt: This is what that Covid 19 virus look like...,_,-1,-1
427,1260746254474190849,@Waseemfarooq14 @ECFMGPrez Please help keep foreign medical graduates in India. They need physicians as well due to the COVID-19 crisis.,_,-1,-1
428,1260752631942623232,RT @MoroccoWNews: #Moroccan expert in immunology and vaccinology Moncef Slaoui will lead #Trump‚Äôs team  tasked with developing a #COVID„Éº19‚Ä¶,_,-1,-1
429,1260751945318326275,RT @mitchellvii: The economic impact of COVID-19 has been extreme but short-lived.  As we look back it was wholly unnecessary based upon b‚Ä¶,_,-1,-1
430,1260752493387997190,RT @Ron_Nirenberg: SOUTH TEXAS BLOOD &amp; TISSUE CENTER:  Only 3% of our recoveries have donated plasma.   If you‚Äôve recovered from COVID-19‚Ä¶,_,-1,-1
431,1260756628250324995,@RepMattGaetz @JoeBiden Distract-Distract-Distract 84000 dead because Trump ignored ALL intelligence reports on COVID,_,-1,-1
432,1260737002153996289,RT @CentralValleyCF: #DowntownFresno businesses that have remained open during this COVID-19 crisis have experienced a 75% decrease in reve‚Ä¶,_,-1,-1
433,1260745502745755648,Um is COVID bringing out the crazy even more in white folk? @semperdiced   How FKN embarrassing it must be.,_,-1,-1
434,1260729060021297157,United States Corona virus Cases : 1430348 Deaths : 85197  Recovered : 309433 Projections  Closed Cases 394630‚Ä¶ https://t.co/oOfo45BzsW,_,-1,-1
435,1260755582933364742,RT @uTobian: @WokeMamaG Well except COVID-19 where the data shows that it is declining and dying out. Such great news. But there is not a‚Ä¶,_,-1,-1
436,1260745675488157696,Health Alert Warning  Super spread of the #COVID„Éº19  / #influenza Winter,_,-1,-1
437,1260751247172177920,RT @serendipitydon1: Casablanca: We'll always have Paris.   Covid-19: We'll never have Paris.,_,-1,-1
438,1260735020278272000,@iamsakuma @Max_Uf @GENmag It was the most likely the early tests contaminated with Covid-19 üíî https://t.co/Rx0T9lpAJR,_,-1,-1
439,1260741266180059137,COVID-19 IS KILLING ME,_,-1,-1
440,1260751703290322958,RT @CoronaDoubter: So guys the Corona Death Rate without a vaccine Is lower than the flu WITH a vaccine  ü§î  #endlockdownuk #COVID19,_,-1,-1
441,1260740341042417671,RT @ifawglobal: UPDATE: We have learned that due to COVID-19 concerns the commercial seal hunt has been delayed in Newfoundland Canada th‚Ä¶,_,-1,-1
442,1260749501431676930,"@JoburgMPD Everyone has thoughts about COVID-19. These are mine. I approach the ""problem"" by asking questions. If y‚Ä¶ https://t.co/hyO4UKDhV3",_,-1,-1
443,1260754918811602945,Corona rant with Dave Portnoy üëåüèª‚úäüèª https://t.co/e8NGV7lphz,_,-1,-1
444,1260739804733542400,@waltshaub But it takes the focus off COVID deaths and mismanagement. Much more Obamagate coverage than COVID in the past 48 hours.,_,-1,-1
445,1260743032888004617,RT @jasmine_naza: A new confirmed case of COVID-19 has emerged in Enugu. This means 12 total confirmed cases 2 discharged &amp; 10 active on t‚Ä¶,_,-1,-1
446,1260735736958967808,People‚Äôs Republic of China (PRC) Targeting of COVID-19 Research Organizations https://t.co/lLT9mSeNc8 #qanon,_,-1,-1
447,1260742193322450944,Hey all! My cousin is an epidemiologist with UMN and they are conducting a survey about the impact of COVID-19 on c‚Ä¶ https://t.co/dGK9RsGRzj,_,-1,-1
448,1260740917197041667,My mom is so busy with COVID. She had to stay up to 12 am just for updates and go back to work at 7 am. üë©üèª‚Äç‚öïÔ∏èüò£,_,-1,-1
449,1260754089689993223,#Madagascar covid 19 pandemic?,_,-1,-1
450,1260746556858236928,RT @AnaCabrera: Covid-19 has claimed the lives of 41 NYPD and 11 FDNY members. #coronavirus    https://t.co/XJ2ZiylQVm,_,-1,-1
451,1260748740283060226,RT @hn_frontpage: The Covid-19 Economy: We won't recover until 2022 L: https://t.co/j5uCwcnZta C: https://t.co/Ajdx5dQNOL,_,-1,-1
452,1260749041106911237,@BreitbartNews Tonight @realDonaldTrump has replaced Fauci in the covid task force with the ‚Äúmy pillow‚Äù idiot! Trum‚Ä¶ https://t.co/C5hN5f4eRt,_,-1,-1
453,1260739738841026565,RT @JANVI_SHUKLA22: This #COVID„Éº19 pandemic has become a global health crisis and has a devastating effect on everyone but there are many‚Ä¶,_,-1,-1
454,1260749204122554368,@CabaretKirk @CuomoPrimeTime There are cases in 5 countries will be wise to not ignore it like when Covid started isn't it,_,-1,-1
455,1260728878491996160,RT @IngrahamAngle: Almost 70% of PA‚Äôs Covid-19 deaths 2611 of 3806 have occurred in nursing homes or long-term care‚ÄîPA should never have‚Ä¶,_,-1,-1
456,1260753024907173888,COVID-19: Moroccan NGO Launches Campaign to Assist Sub-Saharan¬†Migrants https://t.co/sRrfJbsBYq,_,-1,-1
457,1260742078037995520,RT @soulphoodie: THIS BLACK WOMAN-OWNED FARM IS ADAPTING AND THRIVING DURING THE COVID-19 PANDEMIC https://t.co/uRz1aWHuJg https://t.co/JVP‚Ä¶,_,-1,-1
458,1260737745347100672,@C_3C_3 This is nothing more than targeting the old to get increased numbers of deaths and code the deaths with COVID.  OBVIOUS!,_,-1,-1
459,1260743255001411584,RT @isaiahc170: Hi I‚Äôm Isaiah Corona and I‚Äôm currently in CoronaCalifornia during the Coronavirus pandemic sipping on Corona‚Äôs. This year‚Ä¶,_,-1,-1
460,1260756036039913474,RT @108thWing: Thank you to all the essential personnel who are working on the front lines to combat COVID-19. #NJFlyover #InThisTogether‚Ä¶,_,-1,-1
461,1260756443348602885,@imcorinnemec They should NEVER have tied funding to covid deaths,_,-1,-1
462,1260731478134132747,RT @elonmusk: Classifying all deaths as corona even if corona didn‚Äôt cause the death is simply a lie,_,-1,-1
463,1260729984219590657,RT @channelstv: COVID-19: Reps Give Nigeria's ‚ÄòHero' Health Workers A Standing Ovation https://t.co/CpSUSvL37p https://t.co/5pVhQ8GSnf,_,-1,-1
464,1260732504325132288,@Fayez_Indian Every failure there is a scapegoat.This tims its corona..,_,-1,-1
465,1260748719051419657,RT @JayneMcCubbinTV: Thanks to Kevin  He told @BBCBreakfast ‚ÄúI always say my brother was the nicest man I ever met‚Äù  #COVID„Éº19 &amp; #LearningD‚Ä¶,_,-1,-1
466,1260748736239730690,Corona Virus came at an appropriate time for every person to rearrange his papers,_,-1,-1
467,1260742985966325760,RT @faisalsubzwari: All the prayers for @MQMPKOfficial MPA #Sindh Mangla Sharma &amp; her Husband both are tested positive for #COVID„Éº19. Stay‚Ä¶,_,-1,-1
468,1260729043608985600,Your financial health is important and the evolving COVID-19 crisis is affecting everyone in one way or another. He‚Ä¶ https://t.co/wI4XGE6WiQ,_,-1,-1
469,1260751061834489856,Post-Covid-19 county budgets must prioritise health¬†coverage https://t.co/nvOSLhFZKC,_,-1,-1
470,1260749655035576322,Kids are forced back to school my kids contacts COVID 19 we sue the shit out of the state school district and an‚Ä¶ https://t.co/skmRpeRepc,_,-1,-1
471,1260741279945809930,RT @JeffKasanoff: Very American to decide we are bored with COVID and therefore it is over,_,-1,-1
472,1260750273590390784,@saltyarab i hope covid-19 particles got all over him üíû,_,-1,-1
473,1260752951561211906,Lineup castnya gilaaa. Corona pls fuck off we need to watch this at cinema.,_,-1,-1
474,1260746854763048961,#GOPDisaster #WI #COVID„Éº19 #COVID19 #CoronaVirus #SARSCoV2: Conservatives Of Wisconsin Supreme Court Destroy S‚Ä¶ https://t.co/Nwo0UACaJr,_,-1,-1
475,1260734494396407808,@globalnews No - it's entirely possible a vaccine for Covid 19 will not be found and real experts say 1.5-2yrs whi‚Ä¶ https://t.co/GWuiA1qlIP,_,-1,-1
476,1260737731069706240,@StevieVanZandt The government want's to open the economy immediately says Covid-19 isn't the treat they first thou‚Ä¶ https://t.co/9Ahh58fdNC,_,-1,-1
477,1260736615728795648,Health officer @DocJeffD talks with @KUOW about the latest information on #COVID19 testing availability and symptom‚Ä¶ https://t.co/ys6sLBMkmD,_,-1,-1
478,1260754652125069313,Good job Abbott almost makes us forget that your rapid COVID test is a turkey.  https://t.co/imEaCjSTlW,_,-1,-1
479,1260738000910155780,Can You Get Covid-19 Twice? https://t.co/V2u6itsj8H,_,-1,-1
480,1260731513731153923,Happy Birthday @Derricking1 !!  After our near death experience New Year‚Äôs Eve Covid-19-20 and #MurderHornets I h‚Ä¶ https://t.co/J0fRS7u7lE,_,-1,-1
481,1260744192797663234,Coronavirus Is Changing How We Die More Than You Realize | Time https://t.co/o8I1LUE5zc,_,-1,-1
482,1260739642950901762,RT @Sukyspook: Those who want to track trace isolate &amp; vaccinate are responsible for all this #COVID„Éº19 is the vehicle imo. It‚Äôs child a‚Ä¶,_,-1,-1
483,1260742303108530176,Retweet of #Economic opinion from #Cybersecurity mind  here long b4 Covid was a thing.  Reminder that bankruptcy br‚Ä¶ https://t.co/cSzNNqHNun,_,-1,-1
484,1260750186227220481,#COVID-19 It must be difficult for all in public health and infection disease management. Moving from chasing up th‚Ä¶ https://t.co/hJd8xU7XhT,_,-1,-1
485,1260734960387801088,Personal Accident Insurance Market COVID-19 Impact on Size Investment Feasibility And Industry Growth Rate Forecas‚Ä¶ https://t.co/IEBIXq2ggs,_,-1,-1
486,1260752548929167361,COVID-19 modeling finds 8000 more deaths in Minnesota without stay at home extension https://t.co/lO6D0GLw6T,_,-1,-1
487,1260747988441468930,We cannot let the Left use Covid as an excuse for radical tax hikes https://t.co/CpApUrbwvA,_,-1,-1
488,1260741103298453505,Bihar reports seventh #Covid19 death; 2 nurses among 4 who test positive in Patna  (report by Ruchir Kumar and Muke‚Ä¶ https://t.co/GNs7YsO0Zx,_,-1,-1
489,1260738176152481804,RT @invcondemnation: This Friday May 8 2:30pm ET - COVID-19 and Property Rights (open to the public). The issue: how should courts evaluat‚Ä¶,_,-1,-1
490,1260737673989369856,RT @VaccineSafetyN: Over 117 million children in 37 countries may miss out on receiving life-saving #measles vaccines as #COVID-19 continu‚Ä¶,_,-1,-1
491,1260741694087147520,RT @EyesOnQ: Coronavirus: Soros-funded NGO demands $1200 for every illegal immigrant from US taxpayers https://t.co/V4eh5Em2CY,_,-1,-1
492,1260745485968502784,@realDonaldTrump Does that make your 85k+ deaths on your hands corona trump because you were so worried about your‚Ä¶ https://t.co/NCC6SXcI2V,_,-1,-1
493,1260750343706742785,I won‚Äôt be an actor in Inslee‚Äôs Covid¬†theater https://t.co/dsAw35ez4h,_,-1,-1
494,1260738552545136641,Naa I miss the gym. Corona has made me miss gym. Unreal,_,-1,-1
495,1260730569849110531,RT @tmurphyNZ: So far 25 people who have been put into quarantine direct from airports have tested positive for Covid-19.  @KiwiFarah looks‚Ä¶,_,-1,-1
496,1260742226931404800,@TheRickyDavila I heard that kicking Jared kosher ass can cure the Corona virus. I mean it couldn't hurt and what do you got to loose?,_,-1,-1
497,1260745581879865347,So much loss in these days as the number of people who have died from COVID-19 exceeds the number of people who die‚Ä¶ https://t.co/K2zeFFb7DF,_,-1,-1
498,1260741451618512896,RT @NCBCenter: R. R. Reno Rabbi Mark Gottlieb and Carl R. Trueman discuss the impact of the COVID health emergency on the lives of Cathol‚Ä¶,_,-1,-1
499,1260744303493754881,@FLDEO Why are you talking about regular unemployment ? You have so many people applying because of Covid-19. Me an‚Ä¶ https://t.co/x3xI3V2nU9,_,-1,-1
